label,data_type,file_path,fps,duration,right_elbow_mean,right_elbow_min,right_elbow_max,right_elbow_range,right_elbow_max_velocity,left_elbow_mean,left_elbow_min,left_elbow_max,left_elbow_range,left_elbow_max_velocity,right_knee_mean,right_knee_min,right_knee_max,right_knee_range,right_knee_max_velocity,left_knee_mean,left_knee_min,left_knee_max,left_knee_range,left_knee_max_velocity,right_hip_mean,right_hip_min,right_hip_max,right_hip_range,right_hip_max_velocity,left_hip_mean,left_hip_min,left_hip_max,left_hip_range,left_hip_max_velocity,max_upper_body_velocity_y,max_upper_body_accel_y,max_center_velocity_y,max_center_accel_y,upper_body_vertical_displacement,center_vertical_displacement,has_impact,impact_count,max_deceleration,impact_frame,height_reduction_pct,aspect_ratio_increase_pct,max_height_collapse_velocity,max_aspect_ratio_change_velocity,width,height,right_elbow,left_elbow,right_shoulder,left_shoulder,neck,right_arm_ratio,left_arm_ratio,shoulders_ratio,hips_ratio,shoulder_hip_ratio,width_height_ratio,bbox_x,bbox_y,bbox_width,bbox_height,bbox_area,bbox_aspect_ratio,right_hip,left_hip,right_knee,left_knee,right_leg_ratio,left_leg_ratio
activity,image,..\..\data\human_activity\Human Action Recognition\test\Image_1000.jpg,,,,,,,,,,,,,,,,,,,,,,,,,,,,,,,,,,,,,,,,,,,,,,,0.7150837988826816,0.16666666666666674,0.48459202169439813,0.24242247540731096,0.9421755559319989,0.6366669143009676,0.47204906787434664,0.44904427966197524,0.36268387305478406,0.9468982145223945,0.9067205994459658,0.34804075794563705,0.9468982145223945,0.06156157508317082,0.21125843410904757,0.5047681551223407,0.5705696061308976,0.4943530929328409,0.032686733802528234,0.9531121629505059,0.925025482138428,0.8981593019097176,0.8491236304406988,0.7572060907864855,0.4089892613265886
activity,image,..\..\data\human_activity\Human Action Recognition\test\Image_1001.jpg,,,,,,,,,,,,,,,,,,,,,,,,,,,,,,,,,,,,,,,,,,,,,,,0.027932960893854775,0.9466666666666668,0.478151229496031,0.8207043248807481,0.8343233813531128,0.0,0.2597962207173278,0.19000427892975122,0.4806340572065579,0.3680117288764576,0.41084827137216007,0.25968159672756996,0.3680117288764576,0.24279517035677411,0.4268712858915865,0.16817766536367368,0.8761321804551939,0.33421134256187396,0.00306024962117518,0.976738047659067,0.9743962245690762,0.9198904008635085,0.9995822316549507,0.6468373468080784,0.30054602950097725
activity,image,..\..\data\human_activity\Human Action Recognition\test\Image_1002.jpg,,,,,,,,,,,,,,,,,,,,,,,,,,,,,,,,,,,,,,,,,,,,,,,0.5754189944134079,0.2666666666666666,0.27956532499127884,0.926657012795507,0.6075639179872943,0.7330724771469304,0.4734688371057669,0.49065663843554697,0.3832649141523905,0.6105906225783848,0.6043179475899253,0.3465757436211535,0.6148478373504913,0.5447824366181026,0.7399660211239698,0.425398111913312,0.3773741967958193,0.2845324837284808,0.04515262494157185,0.9531121629505059,0.925025482138428,0.8981593019097176,0.8491236304406988,0.7572060907864855,0.4089892613265886
activity,image,..\..\data\human_activity\Human Action Recognition\test\Image_1003.jpg,,,,,,,,,,,,,,,,,,,,,,,,,,,,,,,,,,,,,,,,,,,,,,,0.5754189944134079,0.2666666666666666,0.9195145146596575,0.9249594705206301,0.8343233813531128,0.9214214080726242,0.12479928519920153,0.7898038731196977,0.6892570171133103,0.19809067570494648,0.155614435816396,0.3455269569488777,0.19809067570494648,0.14941198233337158,0.18934137720748467,0.056609223367841466,0.6859848546390832,0.150737874652778,0.0,0.9345049669361898,0.9588180678581176,0.8409632814929477,0.8285831292109707,0.8535116117690043,0.4968709472873473
activity,image,..\..\data\human_activity\Human Action Recognition\test\Image_1004.jpg,,,,,,,,,,,,,,,,,,,,,,,,,,,,,,,,,,,,,,,,,,,,,,,0.7150837988826816,0.16666666666666674,0.036279502137628344,0.051787723988001036,0.9484641786431134,0.926992749821411,0.48093219394881664,0.49065663843554697,0.3832649141523905,0.6105906225783848,0.6043179475899253,0.3465757436211535,0.6148478373504913,0.12271204256051395,0.34745262748838857,0.4994293095712238,0.6066975106855295,0.5206887712163355,0.02990442220059607,0.9531121629505059,0.925025482138428,0.8981593019097176,0.8491236304406988,0.7572060907864855,0.4089892613265886
activity,image,..\..\data\human_activity\Human Action Recognition\test\Image_1005.jpg,,,,,,,,,,,,,,,,,,,,,,,,,,,,,,,,,,,,,,,,,,,,,,,0.5754189944134079,0.2666666666666666,0.46550133639703506,0.43986886087685806,0.8343233813531128,0.7330724771469304,0.5392292837054281,0.49065663843554697,0.3832649141523905,0.6105906225783848,0.6043179475899253,0.3465757436211535,0.6148478373504913,0.24756570494436161,0.29782428892861174,0.4985657554888535,0.675450198773666,0.5783540253758821,0.025954841365666007,0.9531121629505059,0.925025482138428,0.8981593019097176,0.8491236304406988,0.7572060907864855,0.4089892613265886
activity,image,..\..\data\human_activity\Human Action Recognition\test\Image_1006.jpg,,,,,,,,,,,,,,,,,,,,,,,,,,,,,,,,,,,,,,,,,,,,,,,1.0,0.0,0.46550133639703506,0.43986886087685806,0.8343233813531128,0.7330724771469304,0.4734688371057669,0.49065663843554697,0.3832649141523905,0.6105906225783848,0.6043179475899253,0.3465757436211535,0.6148478373504913,0.2484636629574395,0.3960054597918188,0.4122880814451645,0.4972865171526252,0.34716019016591576,0.026648504112493174,0.9531121629505059,0.925025482138428,0.8981593019097176,0.8491236304406988,0.7572060907864855,0.4089892613265886
activity,image,..\..\data\human_activity\Human Action Recognition\test\Image_1007.jpg,,,,,,,,,,,,,,,,,,,,,,,,,,,,,,,,,,,,,,,,,,,,,,,0.5754189944134079,0.2666666666666666,0.46550133639703506,0.43986886087685806,0.8343233813531128,0.7330724771469304,0.47488860633718716,0.49065663843554697,0.3832649141523905,0.6105906225783848,0.6043179475899253,0.3465757436211535,0.6148478373504913,0.5862809452793393,0.6260474450104483,0.3190001751291186,0.25011917995494776,0.14957711965492104,0.055025619257688535,0.9531121629505059,0.925025482138428,0.8981593019097176,0.8491236304406988,0.7572060907864855,0.4089892613265886
activity,image,..\..\data\human_activity\Human Action Recognition\test\Image_1008.jpg,,,,,,,,,,,,,,,,,,,,,,,,,,,,,,,,,,,,,,,,,,,,,,,0.03910614525139666,0.9200000000000002,0.17682648118520297,0.2186679526614237,0.961600569638015,0.8394386266752343,0.5324189710945233,0.43665161402122676,0.3068109138501597,0.7343604323931846,0.6635374587472366,0.36803886247186246,0.7343604323931846,0.008272758152173914,0.5073121837209107,0.5419178283292245,0.8547874237044956,0.7838548337896767,0.020700756458833854,0.9531121629505059,0.925025482138428,0.8981593019097176,0.8491236304406988,0.7572060907864855,0.4089892613265886
activity,image,..\..\data\human_activity\Human Action Recognition\test\Image_1009.jpg,,,,,,,,,,,,,,,,,,,,,,,,,,,,,,,,,,,,,,,,,,,,,,,0.5754189944134079,0.2666666666666666,0.46550133639703506,0.43986886087685806,0.8343233813531128,0.7330724771469304,0.516840408762989,0.49065663843554697,0.3832649141523905,0.6105906225783848,0.6043179475899253,0.3465757436211535,0.6148478373504913,0.2493616209705174,0.28914459298546946,0.6559643363945453,0.5600378425352448,0.6078959478840831,0.04405203311849393,0.9531121629505059,0.925025482138428,0.8981593019097176,0.8491236304406988,0.7572060907864855,0.4089892613265886
activity,image,..\..\data\human_activity\Human Action Recognition\test\Image_100.jpg,,,,,,,,,,,,,,,,,,,,,,,,,,,,,,,,,,,,,,,,,,,,,,,0.6201117318435755,0.2333333333333334,0.025382725512352003,0.39787820375714056,0.8343233813531128,0.7330724771469304,0.3509072730333104,0.0,0.353922436409172,0.5074226714740679,0.5568414185518967,0.27571408350642435,0.5074226714740679,0.5752023058391649,0.14860982314946136,0.1628319989604936,0.7194676523211445,0.26831510114141865,0.005407747078878915,0.9027427052286298,0.933781019339791,0.8314120514804371,0.8781233615961115,0.7593676088379173,0.40980822794729405
activity,image,..\..\data\human_activity\Human Action Recognition\test\Image_1010.jpg,,,,,,,,,,,,,,,,,,,,,,,,,,,,,,,,,,,,,,,,,,,,,,,0.5251396648044694,0.30666666666666664,0.7417286113109552,0.2519457501945229,0.8343233813531128,0.6032254136168171,0.6732082270550804,0.6328442158460719,0.3813706991451217,0.7841812635249689,0.7255753421487571,0.35902413143412704,0.7841812635249689,0.0692215570150281,0.3523935339429763,0.34014514794572454,0.5863561774310833,0.3683449060299169,0.02055108737270572,0.9531121629505059,0.925025482138428,0.8981593019097176,0.8491236304406988,0.7572060907864855,0.4089892613265886
activity,image,..\..\data\human_activity\Human Action Recognition\test\Image_1011.jpg,,,,,,,,,,,,,,,,,,,,,,,,,,,,,,,,,,,,,,,,,,,,,,,0.5251396648044694,0.30666666666666664,0.10081509266790037,0.43986886087685806,0.8343233813531128,0.7330724771469304,0.41217590400073467,0.49065663843554697,0.3832649141523905,0.6105906225783848,0.6043179475899253,0.3465757436211535,0.6148478373504913,0.3332936216588276,0.5780626562454834,0.46472847059252176,0.529047501998044,0.4279896689287659,0.03291909007746553,0.9531121629505059,0.925025482138428,0.8981593019097176,0.8491236304406988,0.7572060907864855,0.4089892613265886
activity,image,..\..\data\human_activity\Human Action Recognition\test\Image_1012.jpg,,,,,,,,,,,,,,,,,,,,,,,,,,,,,,,,,,,,,,,,,,,,,,,0.5195530726256984,0.31333333333333346,0.1778445148324787,0.15305636725636274,0.4539072189078399,0.34981571836245506,0.9307109346422803,0.09984100471990218,0.22069317982902664,1.0,0.9631324792813261,0.3465757436211535,1.0,0.08877419840541471,0.3971802439970497,1.0,0.6062066789186319,0.9586015502612502,0.06242106541887264,0.9531121629505059,0.925025482138428,0.8981593019097176,0.8491236304406988,0.7572060907864855,0.4089892613265886
activity,image,..\..\data\human_activity\Human Action Recognition\test\Image_1013.jpg,,,,,,,,,,,,,,,,,,,,,,,,,,,,,,,,,,,,,,,,,,,,,,,0.7150837988826816,0.16666666666666674,0.9307104409357358,0.9382993375755486,0.9738175049110587,0.9947841336530607,0.5254884054907357,0.754100928270893,0.6871788891386397,0.6265391523057372,0.5580504989017679,0.3691929102940623,0.6265391523057372,0.36017609269244005,0.3178989196041517,0.05893305986919509,0.3392513054958386,0.0726810353261,0.009371628243542877,0.9802710396764984,0.9707324981785849,0.985453555474963,0.957762031453129,0.8006757576609203,0.40817029470588323
activity,image,..\..\data\human_activity\Human Action Recognition\test\Image_1014.jpg,,,,,,,,,,,,,,,,,,,,,,,,,,,,,,,,,,,,,,,,,,,,,,,0.5754189944134079,0.2666666666666666,0.6633765475363973,0.2585705059235266,1.0,0.7330724771469304,0.46067683980531204,0.40450604721440364,0.2455024203359138,0.7116237787921316,0.715154431771589,0.3198515735913475,0.7116237787921316,0.16452664334059883,0.26275868797153384,0.7096801500407846,0.7205552816310802,0.8354814318657264,0.03537076618869757,0.9531121629505059,0.925025482138428,0.8981593019097176,0.8491236304406988,0.7572060907864855,0.4089892613265886
activity,image,..\..\data\human_activity\Human Action Recognition\test\Image_1015.jpg,,,,,,,,,,,,,,,,,,,,,,,,,,,,,,,,,,,,,,,,,,,,,,,0.7318435754189946,0.15333333333333332,0.626215684568923,0.43986886087685806,0.6524689776789656,0.7330724771469304,0.4734688371057669,0.37799849617598147,0.3832649141523905,0.7296730808519041,0.6464778935108917,0.3770415285691777,0.7296730808519041,0.34001101296317543,0.4309871684052401,0.3867976485508079,0.4118136369665308,0.28700202137664627,0.037131025981458926,0.9531121629505059,0.925025482138428,0.8981593019097176,0.8491236304406988,0.7572060907864855,0.4089892613265886
activity,image,..\..\data\human_activity\Human Action Recognition\test\Image_1016.jpg,,,,,,,,,,,,,,,,,,,,,,,,,,,,,,,,,,,,,,,,,,,,,,,0.7765363128491621,0.1266666666666667,0.7565935041105752,0.9999999999999999,0.9910263350920294,0.863226289672018,0.6104292225022219,0.569413906240079,0.4910393406107613,0.7722410076804046,0.7639109304487389,0.32869955929317096,0.7722410076804046,0.1334449782035104,0.19200464586999072,0.13032067487605747,0.42493678692083775,0.13685862090394663,0.012273730359048027,0.9531121629505059,0.850911371133671,0.9686224172952322,0.8491236304406988,0.6921590843904981,0.4150608093523734
activity,image,..\..\data\human_activity\Human Action Recognition\test\Image_1017.jpg,,,,,,,,,,,,,,,,,,,,,,,,,,,,,,,,,,,,,,,,,,,,,,,0.5027932960893856,0.32666666666666666,0.8032801466552018,0.43986886087685806,0.8343233813531128,0.7330724771469304,0.443047235655279,0.49065663843554697,0.3832649141523905,0.6105906225783848,0.6043179475899253,0.3465757436211535,0.6148478373504913,0.04166846392107377,0.4684036199065488,0.39586561856612845,0.5856385451277454,0.415076135969473,0.02432629778044811,0.9531121629505059,0.925025482138428,0.8981593019097176,0.8491236304406988,0.7572060907864855,0.4089892613265886
activity,image,..\..\data\human_activity\Human Action Recognition\test\Image_1018.jpg,,,,,,,,,,,,,,,,,,,,,,,,,,,,,,,,,,,,,,,,,,,,,,,0.5195530726256984,0.31333333333333346,0.12314651271705489,0.4451224391061642,0.8343233813531128,0.6358698547491366,0.42286235356337676,0.17930892127634737,0.6936119480125882,0.7577564954412871,0.6920595824839785,0.36403074271827585,0.7577564954412871,0.24128091659974762,0.3557491985498368,0.41667413521458274,0.6530452601589859,0.4822143725101572,0.022192980429460923,0.9531121629505059,0.925025482138428,0.8981593019097176,0.8491236304406988,0.7572060907864855,0.4089892613265886
activity,image,..\..\data\human_activity\Human Action Recognition\test\Image_1019.jpg,,,,,,,,,,,,,,,,,,,,,,,,,,,,,,,,,,,,,,,,,,,,,,,0.5754189944134079,0.2666666666666666,0.9801435837171656,0.9473673690325816,0.0,0.7330724771469304,0.4734688371057669,0.9999999999999998,0.21456918116314533,0.5530272739636365,0.44756510042221853,0.40883187434414847,0.5530272739636365,0.44920460020649305,0.09219402139857949,0.490574582056299,0.5729186678407341,0.4846050743066709,0.03154613486054879,0.9531121629505059,0.925025482138428,0.8981593019097176,0.8491236304406988,0.7572060907864855,0.4089892613265886
activity,image,..\..\data\human_activity\Human Action Recognition\test\Image_101.jpg,,,,,,,,,,,,,,,,,,,,,,,,,,,,,,,,,,,,,,,,,,,,,,,0.3910614525139665,0.43999999999999995,0.646046938667189,0.0,0.8966585000419411,0.8966838709207399,0.6206842018248542,0.49065663843554697,0.3832649141523905,0.6105906225783848,0.6043179475899253,0.3465757436211535,0.6148478373504913,0.1385317626476999,0.5400593371508283,0.8277629761605554,0.6505693025396283,0.8660062251960075,0.04721495825179124,0.9531121629505059,0.925025482138428,0.8981593019097176,0.8491236304406988,0.7572060907864855,0.4089892613265886
activity,image,..\..\data\human_activity\Human Action Recognition\test\Image_1020.jpg,,,,,,,,,,,,,,,,,,,,,,,,,,,,,,,,,,,,,,,,,,,,,,,0.5083798882681564,0.32666666666666666,0.4535642258044688,0.5124023180088672,0.8343233813531128,0.7465392230792918,0.5004370118024744,0.49065663843554697,0.3832649141523905,0.6105906225783848,0.6043179475899253,0.3465757436211535,0.6148478373504913,0.05116520878742687,0.31683850755899445,0.6390158874643227,0.6063883484000205,0.6426919197412808,0.038980057152323846,0.9531121629505059,0.925025482138428,0.8981593019097176,0.8491236304406988,0.7572060907864855,0.4089892613265886
activity,image,..\..\data\human_activity\Human Action Recognition\test\Image_1021.jpg,,,,,,,,,,,,,,,,,,,,,,,,,,,,,,,,,,,,,,,,,,,,,,,0.5754189944134079,0.2666666666666666,0.46550133639703506,0.43986886087685806,0.8343233813531128,0.7330724771469304,0.4734688371057669,0.49065663843554697,0.3832649141523905,0.6105906225783848,0.6043179475899253,0.3465757436211535,0.6148478373504913,0.1422235287369508,0.38263737946777,0.35207737335102296,0.38432344753586667,0.24838782611024277,0.036817269533879635,0.9531121629505059,0.925025482138428,0.8981593019097176,0.8491236304406988,0.7572060907864855,0.4089892613265886
activity,image,..\..\data\human_activity\Human Action Recognition\test\Image_1022.jpg,,,,,,,,,,,,,,,,,,,,,,,,,,,,,,,,,,,,,,,,,,,,,,,0.4916201117318436,0.3400000000000001,0.6219737965730149,0.8387561666665642,0.8433431175752395,0.7330724771469304,0.538213278708376,0.6905071292360087,0.5324817466139308,0.8239160895868284,0.8001386735407142,0.3384116966600432,0.8239160895868284,0.2794747332797981,0.3586485692319599,0.1568254155125698,0.5594150727979447,0.20298358325555876,0.009086139191594126,0.9774619466503658,0.7704704115777422,0.9552849843328821,0.6972102194221286,0.2536998168922512,0.0
activity,image,..\..\data\human_activity\Human Action Recognition\test\Image_1023.jpg,,,,,,,,,,,,,,,,,,,,,,,,,,,,,,,,,,,,,,,,,,,,,,,0.670391061452514,0.19333333333333336,0.46550133639703506,0.07471424142397018,0.8343233813531128,0.7330724771469304,0.5144906822518565,0.49065663843554697,0.3832649141523905,0.6105906225783848,0.6043179475899253,0.3465757436211535,0.6148478373504913,0.19266486463232765,0.46067885136666137,0.7938173273825426,0.32175629568027087,0.4182872995561659,0.09811100884096764,0.9531121629505059,0.925025482138428,0.8981593019097176,0.8491236304406988,0.7572060907864855,0.4089892613265886
activity,image,..\..\data\human_activity\Human Action Recognition\test\Image_1024.jpg,,,,,,,,,,,,,,,,,,,,,,,,,,,,,,,,,,,,,,,,,,,,,,,0.6368715083798883,0.21999999999999997,0.46550133639703506,0.2217237110800752,0.8343233813531128,0.7330724771469304,0.4734688371057669,0.49065663843554697,0.3832649141523905,0.6105906225783848,0.6043179475899253,0.3465757436211535,0.6148478373504913,0.19995508775955032,0.35979028021383197,0.15916729840621596,0.5577537646918811,0.2042611666656333,0.009304255953211233,0.9531121629505059,0.925025482138428,0.8981593019097176,0.8491236304406988,0.7572060907864855,0.4089892613265886
activity,image,..\..\data\human_activity\Human Action Recognition\test\Image_1025.jpg,,,,,,,,,,,,,,,,,,,,,,,,,,,,,,,,,,,,,,,,,,,,,,,0.06703910614525144,0.8800000000000001,0.20746914283818205,0.11288100184721359,0.9903641978074271,1.0,0.6225009369455445,0.17423315881367987,0.20185559899782718,0.8514460372938705,0.79976373684392,0.3543257105484029,0.8514460372938705,0.03382098198921647,0.6442850402496757,0.8145133961908706,0.7637348504511154,1.0,0.03832671020955117,0.9531121629505059,0.925025482138428,0.8981593019097176,0.8491236304406988,0.7572060907864855,0.4089892613265886
activity,image,..\..\data\human_activity\Human Action Recognition\test\Image_1026.jpg,,,,,,,,,,,,,,,,,,,,,,,,,,,,,,,,,,,,,,,,,,,,,,,0.4860335195530726,0.3400000000000001,0.3630618199318972,0.5562124212449252,0.9530940766122096,0.7029196994651958,0.3730372606226486,0.37949737228851455,0.3518518333718216,0.4715851454930446,0.3511000925012512,0.44018233708242094,0.4715851454930446,0.5972263966961111,0.6058166562697274,0.16688730555079123,0.3693014254250661,0.13822503653058013,0.019219762052495263,0.5076804936130368,0.5865965415078256,0.5875868533736681,0.5480970603080482,1.0,0.4221896859463475
activity,image,..\..\data\human_activity\Human Action Recognition\test\Image_1027.jpg,,,,,,,,,,,,,,,,,,,,,,,,,,,,,,,,,,,,,,,,,,,,,,,0.5754189944134079,0.2666666666666666,0.46550133639703506,0.5966020756858937,0.8343233813531128,0.34877751987278915,0.02362005340928452,0.49065663843554697,0.3832649141523905,0.6105906225783848,0.6043179475899253,0.3465757436211535,0.6148478373504913,0.4677724561202249,0.8149108777161421,0.25050693203302093,0.3125042352826125,0.1551426073990478,0.034416493858121414,0.9531121629505059,0.925025482138428,0.8981593019097176,0.8491236304406988,0.7572060907864855,0.4089892613265886
activity,image,..\..\data\human_activity\Human Action Recognition\test\Image_1028.jpg,,,,,,,,,,,,,,,,,,,,,,,,,,,,,,,,,,,,,,,,,,,,,,,0.7597765363128491,0.14000000000000012,0.4335948739696878,0.23299089543758952,0.7634970921804023,0.7330724771469304,0.6535064730297805,0.566725280028057,0.24949778390467608,0.7986910661773174,0.8109159133351043,0.3182805448472217,0.7986910661773174,0.3925305150854652,0.30510007753412577,0.5529949147982032,0.5856259860771569,0.54811348185726,0.0348726911603191,0.9531121629505059,0.925025482138428,0.8981593019097176,0.8491236304406988,0.7572060907864855,0.4089892613265886
activity,image,..\..\data\human_activity\Human Action Recognition\test\Image_1029.jpg,,,,,,,,,,,,,,,,,,,,,,,,,,,,,,,,,,,,,,,,,,,,,,,0.7318435754189946,0.15333333333333332,0.46550133639703506,0.43986886087685806,0.8343233813531128,0.7330724771469304,0.4734688371057669,0.49065663843554697,0.3832649141523905,0.6105906225783848,0.6043179475899253,0.3465757436211535,0.6148478373504913,1.0,0.8302448479202859,0.07958741243183251,0.12670140923223766,0.027588674447882742,0.04293935244313024,0.9531121629505059,0.925025482138428,0.8981593019097176,0.8491236304406988,0.7572060907864855,0.4089892613265886
activity,image,..\..\data\human_activity\Human Action Recognition\test\Image_102.jpg,,,,,,,,,,,,,,,,,,,,,,,,,,,,,,,,,,,,,,,,,,,,,,,0.2960893854748604,0.5466666666666666,0.8063768452440546,0.4971653718214878,0.9338847682713809,0.9649886370909853,0.4734688371057669,0.4902173049357077,0.3527510749947735,0.6739258926975705,0.6193522757131222,0.3574721160105736,0.6739258926975705,0.51401789606516,0.38211097613739253,0.14846134032458552,0.6269487953531435,0.22035920409943566,0.006626466514970765,0.9956250779543456,0.9887101510033666,1.0,1.0,0.9545771886798764,0.3627560286383597
activity,image,..\..\data\human_activity\Human Action Recognition\test\Image_1030.jpg,,,,,,,,,,,,,,,,,,,,,,,,,,,,,,,,,,,,,,,,,,,,,,,0.5307262569832404,0.30666666666666664,0.46550133639703506,0.43986886087685806,0.8343233813531128,0.7330724771469304,0.1225640178145565,0.49065663843554697,0.3832649141523905,0.6105906225783848,0.6043179475899253,0.3465757436211535,0.6148478373504913,0.3753701388092234,0.41026852776542266,0.5702448710479965,0.3011311317647642,0.29230644997220523,0.07664877623083159,0.9531121629505059,0.925025482138428,0.8981593019097176,0.8491236304406988,0.7572060907864855,0.4089892613265886
activity,image,..\..\data\human_activity\Human Action Recognition\test\Image_1032.jpg,,,,,,,,,,,,,,,,,,,,,,,,,,,,,,,,,,,,,,,,,,,,,,,0.7988826815642459,0.11333333333333329,0.36307848319215386,0.08310705350056971,0.8343233813531128,0.7330724771469304,0.39376232084274543,0.49065663843554697,0.3832649141523905,0.6105906225783848,0.6043179475899253,0.3465757436211535,0.6148478373504913,0.2928827004703453,0.3825819563216655,0.8971992287818661,0.49925941394500684,0.7177755572970663,0.06924285252982545,0.9531121629505059,0.925025482138428,0.8981593019097176,0.8491236304406988,0.7572060907864855,0.4089892613265886
activity,image,..\..\data\human_activity\Human Action Recognition\test\Image_1033.jpg,,,,,,,,,,,,,,,,,,,,,,,,,,,,,,,,,,,,,,,,,,,,,,,0.37988826815642474,0.11333333333333329,0.0,0.24568054908970474,0.8343233813531128,0.8281287419130079,0.6626736596107163,0.49065663843554697,0.3832649141523905,0.6105906225783848,0.6043179475899253,0.3465757436211535,0.6148478373504913,0.1487300246644488,0.42836972145527313,0.2961009069584355,0.3770681403033463,0.21273057141070917,0.03192133691638757,0.9531121629505059,0.925025482138428,0.8981593019097176,0.8491236304406988,0.7572060907864855,0.4089892613265886
activity,image,..\..\data\human_activity\Human Action Recognition\test\Image_1034.jpg,,,,,,,,,,,,,,,,,,,,,,,,,,,,,,,,,,,,,,,,,,,,,,,0.5027932960893856,0.3333333333333335,0.3750393258178409,0.5040583024155291,0.8996456354524942,0.6049270048285516,0.5919516500089267,0.32453270469891005,0.4140468543224052,0.6368802045194296,0.6362768220909083,0.3193383277661248,0.6368802045194296,0.10312700040151429,0.3199324420405602,0.03383626925221578,0.4994134806907897,0.09158843487418848,0.0015962646093275953,0.9832999689373443,0.9839878743863252,0.9830547984252087,0.9549245499632699,0.9897627326891609,0.5547834307911208
activity,image,..\..\data\human_activity\Human Action Recognition\test\Image_1035.jpg,,,,,,,,,,,,,,,,,,,,,,,,,,,,,,,,,,,,,,,,,,,,,,,0.027932960893854775,0.9466666666666668,0.6280810356599046,0.6392081359889398,0.7834822853392263,0.6773804841156605,0.4348967082664408,0.9855250451424835,0.6266566848697754,0.5047327130626457,0.47376088420023976,0.3378076536072334,0.5047327130626457,0.22294654124125274,0.46521967380651996,0.5288624408508913,0.7743479664131,0.6960821453021644,0.02308931863093892,0.9531121629505059,0.3871455418614532,0.8981593019097176,0.8491236304406988,0.7572060907864855,0.4089892613265886
activity,image,..\..\data\human_activity\Human Action Recognition\test\Image_1036.jpg,,,,,,,,,,,,,,,,,,,,,,,,,,,,,,,,,,,,,,,,,,,,,,,0.6033519553072627,0.2466666666666668,0.08196615410011082,0.19437986184711215,0.8820771115706683,0.8674714514849806,0.2739036292375877,0.02686917585336701,0.31705924644796374,0.3064351716885031,0.1944495655019403,0.4781982238936413,0.3064351716885031,0.27885324652976945,0.4450696886326486,0.7425032020318955,0.21285585570004156,0.2639917724521387,0.14004982701818702,0.9883206961658284,0.925025482138428,0.8981593019097176,0.8491236304406988,0.7572060907864855,0.4089892613265886
activity,image,..\..\data\human_activity\Human Action Recognition\test\Image_1037.jpg,,,,,,,,,,,,,,,,,,,,,,,,,,,,,,,,,,,,,,,,,,,,,,,0.27932960893854764,0.56,0.5584845804318698,0.7289399167546563,0.911047976492491,0.8952793953987115,0.8455298585025505,0.5212685864989691,0.5370646662224239,0.7952542603536041,0.7592298520512573,0.34515247250391645,0.7952542603536041,0.4800030113571183,0.48525554907495216,0.41756927048346515,0.523384923079115,0.3876422663517932,0.029832435348407193,0.9531121629505059,0.925025482138428,0.8981593019097176,0.8491236304406988,0.7572060907864855,0.4089892613265886
activity,image,..\..\data\human_activity\Human Action Recognition\test\Image_1038.jpg,,,,,,,,,,,,,,,,,,,,,,,,,,,,,,,,,,,,,,,,,,,,,,,0.5754189944134079,0.2666666666666666,0.46550133639703506,0.40849582696209397,0.8343233813531128,0.766867968686606,0.016031297982228385,0.49065663843554697,0.3832649141523905,0.6105906225783848,0.6043179475899253,0.3465757436211535,0.6148478373504913,0.03906908555122175,0.37958846536513774,0.1750857398744478,0.5994960501397675,0.23360510871003454,0.009084912307802794,0.9531121629505059,0.925025482138428,0.8981593019097176,0.8491236304406988,0.7572060907864855,0.4089892613265886
activity,image,..\..\data\human_activity\Human Action Recognition\test\Image_1039.jpg,,,,,,,,,,,,,,,,,,,,,,,,,,,,,,,,,,,,,,,,,,,,,,,0.2960893854748604,0.5466666666666666,0.5912368890169869,0.43986886087685806,0.42891665381545807,0.7330724771469304,0.25141112426530565,0.2931258533510652,0.3832649141523905,0.3240497193045261,0.25930179188717295,0.3808892376012528,0.3240497193045261,0.6530478949179764,0.9003797213993255,0.09633634609371139,0.38557721736201195,0.10456887493886621,0.010974330051240506,0.9531121629505059,0.925025482138428,0.8981593019097176,0.8491236304406988,0.7572060907864855,0.4089892613265886
activity,image,..\..\data\human_activity\Human Action Recognition\test\Image_103.jpg,,,,,,,,,,,,,,,,,,,,,,,,,,,,,,,,,,,,,,,,,,,,,,,0.5474860335195532,0.29333333333333345,0.0058971247770559804,0.5511401756206985,0.9914978687850768,0.7330724771469304,0.7228317210994486,0.49065663843554697,0.3832649141523905,0.6105906225783848,0.6043179475899253,0.3465757436211535,0.6148478373504913,0.02195059044109212,0.3347017197376801,0.8676966621903845,0.4353885472290085,0.6089606348480576,0.07770793349290195,0.9531121629505059,0.925025482138428,0.8981593019097176,0.8491236304406988,0.7572060907864855,0.4089892613265886
activity,image,..\..\data\human_activity\Human Action Recognition\test\Image_1040.jpg,,,,,,,,,,,,,,,,,,,,,,,,,,,,,,,,,,,,,,,,,,,,,,,0.06145251396648044,0.8800000000000001,0.8919007688171151,0.8742805784622704,0.972974700574452,0.93948824651451,0.46632856308761583,0.7952449200048901,0.5612907304236096,0.6000527955586594,0.5512642966706082,0.3536348558717085,0.6000527955586594,0.13473812664907653,0.2725201551428484,0.4516875573792153,0.8517109804128697,0.6709025835247254,0.016606907595056394,0.9545526288013468,0.925025482138428,0.8981593019097176,0.8491236304406988,0.7572060907864855,0.4089892613265886
activity,image,..\..\data\human_activity\Human Action Recognition\test\Image_1041.jpg,,,,,,,,,,,,,,,,,,,,,,,,,,,,,,,,,,,,,,,,,,,,,,,0.5195530726256984,0.31333333333333346,0.6680422125036194,0.43986886087685806,0.7821196805223694,0.7330724771469304,0.6427626757750057,0.49065663843554697,0.3832649141523905,0.6105906225783848,0.6043179475899253,0.3465757436211535,0.6148478373504913,0.07489042245038431,0.6810657282379939,0.641596660545041,0.3422838600496271,0.3674305922093211,0.07482537045905772,0.9531121629505059,0.925025482138428,0.8981593019097176,0.8491236304406988,0.7572060907864855,0.4089892613265886
activity,image,..\..\data\human_activity\Human Action Recognition\test\Image_1042.jpg,,,,,,,,,,,,,,,,,,,,,,,,,,,,,,,,,,,,,,,,,,,,,,,0.5586592178770949,0.28,0.050973726588276,0.06894695073690531,0.8343233813531128,0.8230837416265309,0.6602702586169529,0.49065663843554697,0.3832649141523905,0.6105906225783848,0.6043179475899253,0.3465757436211535,0.6148478373504913,0.1268278364116095,0.34088580057831225,0.4205526983467164,0.46111220040331435,0.34382077437979486,0.03519127866260209,0.9531121629505059,0.925025482138428,0.8981593019097176,0.8491236304406988,0.7572060907864855,0.4089892613265886
activity,image,..\..\data\human_activity\Human Action Recognition\test\Image_1043.jpg,,,,,,,,,,,,,,,,,,,,,,,,,,,,,,,,,,,,,,,,,,,,,,,0.5754189944134079,0.2666666666666666,0.4002850793436722,0.6269931061855359,0.8110384455255697,0.7330724771469304,0.5271035657531602,0.2017667585296535,0.3851591291596592,0.586543842045345,0.5130292389494371,0.3749516223512973,0.586543842045345,0.33578860273029715,0.5014629729092128,0.09885698235177226,0.42769444967414694,0.11811832390802496,0.009277445766129846,0.9876600823366757,0.9660373269800456,0.9352440400697715,0.9481681790604455,0.9250230306437648,0.4941513692735309
activity,image,..\..\data\human_activity\Human Action Recognition\test\Image_1044.jpg,,,,,,,,,,,,,,,,,,,,,,,,,,,,,,,,,,,,,,,,,,,,,,,0.5754189944134079,0.2666666666666666,0.46550133639703506,0.43986886087685806,0.8343233813531128,0.7330724771469304,0.4734688371057669,0.49065663843554697,0.3832649141523905,0.6105906225783848,0.6043179475899253,0.3465757436211535,0.6148478373504913,0.20745538889526213,0.43756378615500674,0.14738430854002432,0.45799307186865257,0.1592231570339418,0.012221081981800368,0.9531121629505059,0.925025482138428,0.8981593019097176,0.8491236304406988,0.7572060907864855,0.4089892613265886
activity,image,..\..\data\human_activity\Human Action Recognition\test\Image_1045.jpg,,,,,,,,,,,,,,,,,,,,,,,,,,,,,,,,,,,,,,,,,,,,,,,0.5754189944134079,0.2666666666666666,0.23313907276162588,0.2132447738043652,0.8343233813531128,0.7330724771469304,0.5593635139894659,0.49065663843554697,0.3832649141523905,0.6105906225783848,0.6043179475899253,0.3465757436211535,0.6148478373504913,0.3105743948606172,0.0,0.57737524867378,0.7440473836867405,0.7209249195082656,0.02695927215166143,0.9531121629505059,0.925025482138428,0.8981593019097176,0.8491236304406988,0.7572060907864855,0.4089892613265886
activity,image,..\..\data\human_activity\Human Action Recognition\test\Image_1046.jpg,,,,,,,,,,,,,,,,,,,,,,,,,,,,,,,,,,,,,,,,,,,,,,,0.5754189944134079,0.2666666666666666,0.26706878497779435,0.02203219063988976,0.8150566398360326,0.7330724771469304,0.36932668391839185,0.49065663843554697,0.3832649141523905,0.6105906225783848,0.6043179475899253,0.3465757436211535,0.6148478373504913,0.193657766433406,0.7354164860023629,0.24767129642513264,0.4025160961121042,0.1985710532835756,0.024746121646409987,0.9531121629505059,0.925025482138428,0.8981593019097176,0.8491236304406988,0.7572060907864855,0.4089892613265886
activity,image,..\..\data\human_activity\Human Action Recognition\test\Image_1047.jpg,,,,,,,,,,,,,,,,,,,,,,,,,,,,,,,,,,,,,,,,,,,,,,,0.5754189944134079,0.2666666666666666,0.4988308113633681,0.990816045224851,0.7151869794734595,0.7330724771469304,0.38868517104129385,0.5777558264355609,0.39772162126156096,0.5861574472508067,0.5806592303844874,0.3204135323545848,0.5861574472508067,0.598875358494895,0.44091580833638716,0.20844643644209776,0.43379797355933564,0.189278622802032,0.018858859918125193,0.9531121629505059,0.925025482138428,0.8981593019097176,0.8491236304406988,0.7572060907864855,0.4089892613265886
activity,image,..\..\data\human_activity\Human Action Recognition\test\Image_1048.jpg,,,,,,,,,,,,,,,,,,,,,,,,,,,,,,,,,,,,,,,,,,,,,,,0.4860335195530726,0.3400000000000001,0.46550133639703506,0.43986886087685806,0.8343233813531128,0.7330724771469304,0.6247207470255751,0.49065663843554697,0.3832649141523905,0.6105906225783848,0.6043179475899253,0.3465757436211535,0.6148478373504913,0.5020759435585638,0.6652080063892223,0.48531085140580277,0.34477932593149085,0.2906334598547103,0.056766937395281686,0.9531121629505059,0.925025482138428,0.8981593019097176,0.8491236304406988,0.7572060907864855,0.4089892613265886
activity,image,..\..\data\human_activity\Human Action Recognition\test\Image_1049.jpg,,,,,,,,,,,,,,,,,,,,,,,,,,,,,,,,,,,,,,,,,,,,,,,0.8770949720670392,0.06666666666666665,0.46550133639703506,0.43986886087685806,0.8343233813531128,0.7330724771469304,0.6144676866643948,0.49065663843554697,0.3832649141523905,0.6105906225783848,0.6043179475899253,0.3465757436211535,0.6148478373504913,0.28686861879086845,0.3419358389957023,0.748853907088299,0.40979822963197143,0.502682711243681,0.07166710700787589,0.9531121629505059,0.925025482138428,0.8981593019097176,0.8491236304406988,0.7572060907864855,0.4089892613265886
activity,image,..\..\data\human_activity\Human Action Recognition\test\Image_104.jpg,,,,,,,,,,,,,,,,,,,,,,,,,,,,,,,,,,,,,,,,,,,,,,,0.0,1.0,0.6406660749265526,0.685115262271256,0.8343233813531128,0.5710689215291374,0.0,0.6758110410095542,0.6347268857798627,0.023045128408353755,0.08598627065087439,0.0,0.023045128408353755,0.12668375014339797,0.33073605085082397,0.4268790707082988,0.9999999999999999,0.7516811494565415,0.011834606026577824,0.5713333542011407,0.5412493770112594,0.4871795047946075,0.43795707081154384,0.7234032514552178,0.41816365015242346
activity,image,..\..\data\human_activity\Human Action Recognition\test\Image_1050.jpg,,,,,,,,,,,,,,,,,,,,,,,,,,,,,,,,,,,,,,,,,,,,,,,0.5754189944134079,0.2666666666666666,0.7067994353309098,0.004145471700255067,0.6842466907817781,0.7330724771469304,0.6539314590075436,0.6849117409142436,0.0,0.6800749692400881,0.6389537782398302,0.34784636670239055,0.6800749692400881,0.5740121601468395,0.21740834899867684,0.38368468864430016,0.6035025910951906,0.41705690159385134,0.022562364573631307,0.9531121629505059,0.925025482138428,0.8981593019097176,0.8491236304406988,0.7572060907864855,0.4089892613265886
activity,image,..\..\data\human_activity\Human Action Recognition\test\Image_1051.jpg,,,,,,,,,,,,,,,,,,,,,,,,,,,,,,,,,,,,,,,,,,,,,,,0.7262569832402236,0.16000000000000014,0.13376161571971165,0.8365396518854031,0.8343233813531128,0.7330724771469304,1.0000000000000002,0.1215238111169891,0.5507433715946737,0.7814627761830849,0.6859685704251229,0.3837146596094587,0.7814627761830849,0.7039859470001147,0.05261898478200462,0.38623094051606544,0.6727060098240504,0.4671539043126305,0.019508324918561328,1.0,0.9754867622585482,0.8981593019097176,0.8491236304406988,0.7572060907864855,0.4089892613265886
activity,image,..\..\data\human_activity\Human Action Recognition\test\Image_1052.jpg,,,,,,,,,,,,,,,,,,,,,,,,,,,,,,,,,,,,,,,,,,,,,,,0.5251396648044694,0.30666666666666664,0.21570475627760957,0.2117634434042693,0.9452947227111086,0.9897599985974441,0.5757759678209119,0.12485092878793039,0.1874356274329677,0.6063334078062784,0.6045300077964049,0.31875593789836165,0.6063334078062784,0.42642368360674543,0.5374269416866913,0.14916416605285232,0.3908026753223565,0.1363177059105313,0.015954240864427566,0.9531121629505059,0.925025482138428,0.8981593019097176,0.8491236304406988,0.7572060907864855,0.4089892613265886
activity,image,..\..\data\human_activity\Human Action Recognition\test\Image_1053.jpg,,,,,,,,,,,,,,,,,,,,,,,,,,,,,,,,,,,,,,,,,,,,,,,0.5754189944134079,0.2666666666666666,0.4636232470863243,0.6336611773823988,0.8015568634919206,0.7330724771469304,0.6617415178585098,0.491095971935386,0.6561864554780344,0.8508763752984427,1.0,0.2605384068976745,0.8508763752984427,0.26809679362165884,0.4679328145586989,0.5725116604230034,0.4623597780545945,0.4470812739821928,0.04789807148741526,0.5204447484123397,0.5771805664731366,0.44419888835155974,0.6027077500564173,0.8394060410258599,1.0
activity,image,..\..\data\human_activity\Human Action Recognition\test\Image_1054.jpg,,,,,,,,,,,,,,,,,,,,,,,,,,,,,,,,,,,,,,,,,,,,,,,0.022346368715083886,0.9533333333333334,0.9999999999999998,0.9479311085640556,0.43933287424565637,0.38214835619084453,0.3001550609726837,0.7840233877905524,0.615308985456087,0.22261675524343766,0.0971238692786674,0.5956867391913934,0.22261675524343766,0.15062858494895034,0.4186887664567697,0.40790202767574624,0.8391568214483272,0.6083826435915046,0.0149194976401302,0.9684760060573354,0.8741948946457795,0.735964475540903,0.7602293880528253,0.6733447684416409,0.41194551396360385
activity,image,..\..\data\human_activity\Human Action Recognition\test\Image_1055.jpg,,,,,,,,,,,,,,,,,,,,,,,,,,,,,,,,,,,,,,,,,,,,,,,0.4860335195530726,0.3400000000000001,0.6960637188008294,0.8297278929924983,0.8641128532205469,0.7812037171154125,0.4908453637439477,0.5645028648766881,0.6376378590476968,0.5732149606536567,0.5043685946900535,0.37128295985739246,0.5732149606536567,0.028119515028106,0.5104651254952534,0.2541374107260849,0.5159815471636121,0.2598115510555566,0.01797427808343298,0.962701808932783,0.9855850141828485,0.8981593019097176,0.8491236304406988,0.7572060907864855,0.4089892613265886
activity,image,..\..\data\human_activity\Human Action Recognition\test\Image_1056.jpg,,,,,,,,,,,,,,,,,,,,,,,,,,,,,,,,,,,,,,,,,,,,,,,0.7150837988826816,0.16666666666666674,0.30179636831222945,0.33475151124690505,0.8343233813531128,0.48568609390367823,0.03727549631306723,0.49065663843554697,0.3832649141523905,0.6105906225783848,0.6043179475899253,0.3465757436211535,0.6148478373504913,0.16040644717219227,0.2227090105330786,0.2759482398251356,0.5466811175334382,0.29262379829677576,0.01805038046570025,0.9531121629505059,0.925025482138428,0.8981593019097176,0.8491236304406988,0.7572060907864855,0.4089892613265886
activity,image,..\..\data\human_activity\Human Action Recognition\test\Image_1057.jpg,,,,,,,,,,,,,,,,,,,,,,,,,,,,,,,,,,,,,,,,,,,,,,,0.7206703910614526,0.16000000000000014,0.46550133639703506,0.43986886087685806,0.8343233813531128,0.7330724771469304,0.4734688371057669,0.49065663843554697,0.3832649141523905,0.6105906225783848,0.6043179475899253,0.3465757436211535,0.6148478373504913,0.6697706779855455,0.1965531028336555,0.3348148872601355,0.45355397158816646,0.28154803462950756,0.02853684807015695,0.9531121629505059,0.925025482138428,0.9832060606471333,0.8368731137269323,0.7572060907864855,0.4089892613265886
activity,image,..\..\data\human_activity\Human Action Recognition\test\Image_1058.jpg,,,,,,,,,,,,,,,,,,,,,,,,,,,,,,,,,,,,,,,,,,,,,,,0.06145251396648044,0.8800000000000001,0.38635819681705114,0.8762813399608957,0.8351557932018787,0.7330724771469304,0.47583672425582146,0.3933668170772996,0.5966262651198085,0.5762699380088865,0.5254917474456738,0.3554423961214076,0.5762699380088865,0.1579551594585293,0.45336929019209626,0.43261681850421474,0.9079194868965912,0.6901734211456863,0.014195179417824576,0.9056116323323619,0.9999999999999999,0.8681382031301794,0.9336395497795231,0.5110827772901032,0.3029515244362882
activity,image,..\..\data\human_activity\Human Action Recognition\test\Image_1059.jpg,,,,,,,,,,,,,,,,,,,,,,,,,,,,,,,,,,,,,,,,,,,,,,,0.5083798882681564,0.32666666666666666,0.3827613692329098,0.30368769419564523,0.7193138371016881,0.7330724771469304,0.09571335486504164,0.3913592942074712,0.27725284318657867,0.18253962284158542,0.19317260505182898,0.24489610653698893,0.18253962284158542,0.47752437765286226,0.29284107205964766,0.18717966116850754,0.6232374891425843,0.2538631475899968,0.00916496810958375,0.9531121629505059,0.925025482138428,0.8981593019097176,0.8491236304406988,0.7572060907864855,0.4089892613265886
activity,image,..\..\data\human_activity\Human Action Recognition\test\Image_105.jpg,,,,,,,,,,,,,,,,,,,,,,,,,,,,,,,,,,,,,,,,,,,,,,,0.7094972067039106,0.16666666666666674,0.46550133639703506,0.43986886087685806,0.8343233813531128,0.7330724771469304,0.4734688371057669,0.49065663843554697,0.3832649141523905,0.6105906225783848,0.6043179475899253,0.3465757436211535,0.6148478373504913,0.4525984857175634,0.19659867686126195,0.7496417475745697,0.6657301438935266,0.8109604322353998,0.04133067570845278,0.9531121629505059,0.925025482138428,0.8981593019097176,0.8491236304406988,0.7572060907864855,0.4089892613265886
activity,image,..\..\data\human_activity\Human Action Recognition\test\Image_1060.jpg,,,,,,,,,,,,,,,,,,,,,,,,,,,,,,,,,,,,,,,,,,,,,,,0.5754189944134079,0.2666666666666666,0.529250443151671,0.55278750706691,0.8895465403435323,0.7330724771469304,0.15585152607236563,0.5646381666283107,0.31559150420555837,0.21341843017839304,0.0593770565326308,0.7825907052470129,0.21341843017839304,0.6557839853160491,0.2066700707318233,0.27373631661437364,0.6543158109731279,0.34831601309070814,0.013522021966459984,0.7039090963130945,0.925025482138428,0.8981593019097176,0.8491236304406988,0.7572060907864855,0.4089892613265886
activity,image,..\..\data\human_activity\Human Action Recognition\test\Image_1061.jpg,,,,,,,,,,,,,,,,,,,,,,,,,,,,,,,,,,,,,,,,,,,,,,,0.5754189944134079,0.2666666666666666,0.46550133639703506,0.43986886087685806,0.35199333021724244,0.7330724771469304,0.4734688371057669,0.49065663843554697,0.3832649141523905,0.6105906225783848,0.6043179475899253,0.3465757436211535,0.6148478373504913,0.5266081220603419,0.4174743526623158,0.38514550561281824,0.401489320934464,0.2788798496236871,0.03811880496320552,0.9531121629505059,0.925025482138428,0.8981593019097176,0.8491236304406988,0.7572060907864855,0.4089892613265886
activity,image,..\..\data\human_activity\Human Action Recognition\test\Image_1062.jpg,,,,,,,,,,,,,,,,,,,,,,,,,,,,,,,,,,,,,,,,,,,,,,,0.5139664804469274,0.32000000000000006,0.3177371772091971,0.18789067997359388,0.9094773876151518,0.7330724771469304,0.6965876511393785,0.49065663843554697,0.3832649141523905,0.6105906225783848,0.6043179475899253,0.3465757436211535,0.6148478373504913,0.3973002753240794,0.40289695793948516,0.6911497979814362,0.4660694731350164,0.531135035012869,0.05739232419897637,0.9531121629505059,0.925025482138428,0.8981593019097176,0.8491236304406988,0.7572060907864855,0.4089892613265886
activity,image,..\..\data\human_activity\Human Action Recognition\test\Image_1063.jpg,,,,,,,,,,,,,,,,,,,,,,,,,,,,,,,,,,,,,,,,,,,,,,,0.5027932960893856,0.3333333333333335,0.6638439939431924,0.594460025436543,0.8343233813531128,0.47634307853848235,0.23926743868643977,0.8521096595848849,0.9999999999999999,0.5800169259793809,0.6043179475899253,0.3465757436211535,0.6148478373504913,0.05058697803143283,0.05058779349790336,0.48684587454073247,0.7040956000560051,0.5908198630959914,0.023894504286280666,0.9531121629505059,0.925025482138428,0.8981593019097176,0.8491236304406988,0.7572060907864855,0.4089892613265886
activity,image,..\..\data\human_activity\Human Action Recognition\test\Image_1064.jpg,,,,,,,,,,,,,,,,,,,,,,,,,,,,,,,,,,,,,,,,,,,,,,,0.7262569832402236,0.16000000000000014,0.30127010398920867,0.4235355403428608,0.8343233813531128,0.8649063460605544,0.3733008644348616,0.18695770284862914,0.3270361285407023,0.35142473084988557,0.09520134280418568,1.0,0.35142473084988557,0.24135118159917404,0.2906512458610391,0.3211133563498247,0.5919110241540824,0.3555451048560924,0.01901405968333328,0.9531121629505059,0.6094948649979149,0.8981593019097176,0.8491236304406988,0.7572060907864855,0.4089892613265886
activity,image,..\..\data\human_activity\Human Action Recognition\test\Image_1065.jpg,,,,,,,,,,,,,,,,,,,,,,,,,,,,,,,,,,,,,,,,,,,,,,,0.11731843575418999,0.7933333333333334,0.06889270565314343,0.43986886087685806,0.8876455343844496,0.7330724771469304,0.590341387035527,0.49065663843554697,0.3832649141523905,0.6105906225783848,0.6043179475899253,0.3465757436211535,0.6148478373504913,0.14200378570609154,0.3927160873286953,0.6478835296960067,0.8371661828132284,0.8950008670252034,0.026337736073324926,0.9531121629505059,0.925025482138428,0.8981593019097176,0.8491236304406988,0.7572060907864855,0.4089892613265886
activity,image,..\..\data\human_activity\Human Action Recognition\test\Image_1066.jpg,,,,,,,,,,,,,,,,,,,,,,,,,,,,,,,,,,,,,,,,,,,,,,,0.027932960893854775,0.9466666666666668,0.46550133639703506,0.8535225743773099,0.8343233813531128,0.4552170848005206,0.05422129201695909,0.49065663843554697,0.3832649141523905,0.6105906225783848,0.6043179475899253,0.3465757436211535,0.6148478373504913,0.11400210794998279,0.7618694699239392,0.28775081558627985,0.7979092500086331,0.44099960466972593,0.010185816033256564,0.9531121629505059,0.925025482138428,0.8981593019097176,0.8491236304406988,0.7572060907864855,0.4089892613265886
activity,image,..\..\data\human_activity\Human Action Recognition\test\Image_1067.jpg,,,,,,,,,,,,,,,,,,,,,,,,,,,,,,,,,,,,,,,,,,,,,,,0.5810055865921789,0.2666666666666666,0.3300848671778345,0.43986886087685806,0.63689743506597,0.7330724771469304,0.4734688371057669,0.164575000719662,0.3832649141523905,0.6455616625395748,0.6043179475899253,0.3478102190992298,0.6455616625395748,0.5337385568429506,0.24276301051069954,0.36674930410470646,0.5187893684744498,0.34600436724112343,0.026332223916082646,0.9531121629505059,0.925025482138428,0.8981593019097176,0.8491236304406988,0.7572060907864855,0.4089892613265886
activity,image,..\..\data\human_activity\Human Action Recognition\test\Image_1068.jpg,,,,,,,,,,,,,,,,,,,,,,,,,,,,,,,,,,,,,,,,,,,,,,,0.06145251396648044,0.8866666666666667,0.24142259234955585,0.390752674756933,0.814213335214683,0.8539112197015037,0.9915893853037773,0.13399111249642173,0.20251577586679748,0.8193918747827599,0.7998452593497927,0.33599431166617366,0.8193918747827599,0.1866282981530343,0.36348792486416376,0.4712470883487755,0.4377565785403716,0.3589228155794946,0.04198961212840441,0.9531121629505059,0.925025482138428,0.8981593019097176,0.8491236304406988,0.7572060907864855,0.4089892613265886
activity,image,..\..\data\human_activity\Human Action Recognition\test\Image_1069.jpg,,,,,,,,,,,,,,,,,,,,,,,,,,,,,,,,,,,,,,,,,,,,,,,0.4860335195530726,0.3400000000000001,0.5568423577908957,0.600615454768878,0.8343233813531128,0.4522093402286589,0.06730909025946928,0.23717733567378038,0.30917123735679725,0.08639033871003404,0.1766527800812181,0.07543016840796252,0.08639033871003404,0.3793123781117357,0.39483067558658785,0.19480592970667204,0.48991623734416023,0.20436349767966724,0.014645802475411016,0.9038136990942612,0.9300671611590566,0.8300425585907303,0.7961908803710862,0.5855940876565007,0.1895124927498016
activity,image,..\..\data\human_activity\Human Action Recognition\test\Image_106.jpg,,,,,,,,,,,,,,,,,,,,,,,,,,,,,,,,,,,,,,,,,,,,,,,0.06703910614525144,0.8800000000000001,0.46550133639703506,0.43986886087685806,0.8343233813531128,0.7330724771469304,0.41310322200816973,0.49065663843554697,0.3832649141523905,0.6105906225783848,0.6043179475899253,0.3465757436211535,0.6148478373504913,0.3212860502466445,0.6265327326420068,0.4290108114888508,0.4632409109500615,0.3511028013233874,0.0357061411601067,0.9531121629505059,0.925025482138428,0.8981593019097176,0.8491236304406988,0.7572060907864855,0.4089892613265886
activity,image,..\..\data\human_activity\Human Action Recognition\test\Image_1070.jpg,,,,,,,,,,,,,,,,,,,,,,,,,,,,,,,,,,,,,,,,,,,,,,,0.5754189944134079,0.2666666666666666,0.46550133639703506,0.43986886087685806,0.8343233813531128,0.7330724771469304,0.3018192531889594,0.49065663843554697,0.3832649141523905,0.6105906225783848,0.6043179475899253,0.3465757436211535,0.6148478373504913,0.042535458730067685,0.42421747296562673,0.2827634737727173,0.43644298337587395,0.23778901072003153,0.025323969020425937,0.9531121629505059,0.925025482138428,0.8981593019097176,0.8491236304406988,0.7572060907864855,0.4089892613265886
activity,image,..\..\data\human_activity\Human Action Recognition\test\Image_1071.jpg,,,,,,,,,,,,,,,,,,,,,,,,,,,,,,,,,,,,,,,,,,,,,,,0.4916201117318436,0.3400000000000001,0.46550133639703506,0.7746751839659021,0.8343233813531128,0.8457805813637713,0.31193809298103137,0.49065663843554697,0.3832649141523905,0.6105906225783848,0.6043179475899253,0.3465757436211535,0.6148478373504913,0.6067129172880579,0.3367795049285222,0.0,0.3220242091520228,0.040626056268447175,0.0032905834060323446,0.9531121629505059,0.925025482138428,0.8981593019097176,0.8491236304406988,0.7572060907864855,0.4089892613265886
activity,image,..\..\data\human_activity\Human Action Recognition\test\Image_1072.jpg,,,,,,,,,,,,,,,,,,,,,,,,,,,,,,,,,,,,,,,,,,,,,,,0.7150837988826816,0.16666666666666674,0.46550133639703506,0.3448861379137129,0.8343233813531128,0.5951067975533868,0.4322874127534541,0.49065663843554697,0.3832649141523905,0.6105906225783848,0.6043179475899253,0.3465757436211535,0.6148478373504913,0.17301428243661812,0.30526127671617104,0.4841970212312705,0.6224923705708795,0.5204424545558628,0.027971091769804026,0.9531121629505059,0.925025482138428,0.8981593019097176,0.8491236304406988,0.7572060907864855,0.4089892613265886
activity,image,..\..\data\human_activity\Human Action Recognition\test\Image_1073.jpg,,,,,,,,,,,,,,,,,,,,,,,,,,,,,,,,,,,,,,,,,,,,,,,0.8156424581005587,0.10666666666666669,0.46550133639703506,0.43986886087685806,0.8343233813531128,0.7330724771469304,0.4734688371057669,0.49065663843554697,0.3832649141523905,0.6105906225783848,0.6043179475899253,0.3465757436211535,0.6148478373504913,0.5479162555925203,0.4302931260845686,0.5739648226421841,0.23171157167821893,0.2276220805070279,0.10128493885809028,0.9531121629505059,0.925025482138428,0.8981593019097176,0.8491236304406988,0.7572060907864855,0.4089892613265886
activity,image,..\..\data\human_activity\Human Action Recognition\test\Image_1074.jpg,,,,,,,,,,,,,,,,,,,,,,,,,,,,,,,,,,,,,,,,,,,,,,,0.1899441340782123,0.6733333333333333,0.2547153380973171,0.1562379549961215,0.8343233813531128,0.699975611997558,0.3329427512669405,0.49065663843554697,0.3832649141523905,0.6105906225783848,0.6043179475899253,0.3465757436211535,0.6148478373504913,0.17073819834805554,0.3239982047796082,0.5135900826778144,0.646635835070976,0.5678793452191857,0.028404016815823486,0.9531121629505059,0.925025482138428,0.8981593019097176,0.8491236304406988,0.7572060907864855,0.4089892613265886
activity,image,..\..\data\human_activity\Human Action Recognition\test\Image_1075.jpg,,,,,,,,,,,,,,,,,,,,,,,,,,,,,,,,,,,,,,,,,,,,,,,0.06145251396648044,0.8800000000000001,0.46550133639703506,0.43986886087685806,0.8343233813531128,0.7330724771469304,0.4734688371057669,0.49065663843554697,0.3832649141523905,0.6105906225783848,0.6043179475899253,0.3465757436211535,0.6148478373504913,0.12513899564070208,1.0,0.5719150389962973,0.16044107540956723,0.15899612259363916,0.1453248427954046,0.9531121629505059,0.925025482138428,0.8981593019097176,0.8491236304406988,0.7572060907864855,0.4089892613265886
activity,image,..\..\data\human_activity\Human Action Recognition\test\Image_1076.jpg,,,,,,,,,,,,,,,,,,,,,,,,,,,,,,,,,,,,,,,,,,,,,,,0.5754189944134079,0.2666666666666666,0.46550133639703506,0.43986886087685806,0.8343233813531128,0.7330724771469304,0.5515983957875767,0.49065663843554697,0.3832649141523905,0.6105906225783848,0.6043179475899253,0.3465757436211535,0.6148478373504913,0.3254276413903866,0.4931534639524594,0.5271776690093015,0.3653685597038145,0.3302324563283658,0.05763379371062877,0.9531121629505059,0.925025482138428,0.8981593019097176,0.8491236304406988,0.7572060907864855,0.4089892613265886
activity,image,..\..\data\human_activity\Human Action Recognition\test\Image_1077.jpg,,,,,,,,,,,,,,,,,,,,,,,,,,,,,,,,,,,,,,,,,,,,,,,0.5754189944134079,0.2666666666666666,0.8539558023590913,0.9308238421217795,0.9974335520084259,0.7330724771469304,0.4734688371057669,0.6366501733829201,0.638729557554073,0.7025394874624198,0.7211900634530056,0.3105980667909135,0.7025394874624198,0.17391830618331997,0.16040922737686622,0.07605128173164885,0.3729507613589576,0.0898674038128844,0.009528440459961707,0.9018123403591894,0.9574952507281157,0.9309525565774883,0.9747292120716176,0.6606466786387808,0.32980596954501123
activity,image,..\..\data\human_activity\Human Action Recognition\test\Image_1078.jpg,,,,,,,,,,,,,,,,,,,,,,,,,,,,,,,,,,,,,,,,,,,,,,,0.2960893854748604,0.5466666666666666,0.46550133639703506,0.27860023533808354,0.8343233813531128,0.4956838605317879,0.36579696283124485,0.49065663843554697,0.3832649141523905,0.6105906225783848,0.6043179475899253,0.3465757436211535,0.6148478373504913,0.3138761041642767,0.4006805566045741,0.2743282553871555,0.48908530182863463,0.26055430922194617,0.021041013674635897,0.9531121629505059,0.925025482138428,0.8981593019097176,0.8491236304406988,0.7572060907864855,0.4089892613265886
activity,image,..\..\data\human_activity\Human Action Recognition\test\Image_1079.jpg,,,,,,,,,,,,,,,,,,,,,,,,,,,,,,,,,,,,,,,,,,,,,,,0.11173184357541899,0.7933333333333334,0.46550133639703506,0.6598518905398543,0.8343233813531128,0.4654227626093963,0.3765933132477198,0.49065663843554697,0.3832649141523905,0.6105906225783848,0.6043179475899253,0.3465757436211535,0.6148478373504913,0.045363302311575086,0.6844751550449399,0.6911882160564975,0.47461121925417754,0.5407322644409784,0.05623517039539387,0.9531121629505059,0.925025482138428,0.8981593019097176,0.8491236304406988,0.7572060907864855,0.4089892613265886
activity,image,..\..\data\human_activity\Human Action Recognition\test\Image_107.jpg,,,,,,,,,,,,,,,,,,,,,,,,,,,,,,,,,,,,,,,,,,,,,,,0.5083798882681564,0.32666666666666666,0.46550133639703506,0.43986886087685806,0.8343233813531128,0.7330724771469304,0.7810141237945947,0.49065663843554697,0.3832649141523905,0.6105906225783848,0.6043179475899253,0.3465757436211535,0.6148478373504913,0.05994442970632098,0.49305986818732395,0.5005437437867303,0.21778449690219467,0.1901084012821565,0.09519842301219378,0.9531121629505059,0.925025482138428,0.8981593019097176,0.8491236304406988,0.7572060907864855,0.4089892613265886
activity,image,..\..\data\human_activity\Human Action Recognition\test\Image_1080.jpg,,,,,,,,,,,,,,,,,,,,,,,,,,,,,,,,,,,,,,,,,,,,,,,0.5307262569832404,0.30666666666666664,0.14182235230059073,0.14392732356494403,0.47821539472369423,0.5868263200853494,0.5659202449391003,0.49065663843554697,0.3832649141523905,0.6105906225783848,0.6043179475899253,0.3465757436211535,0.6148478373504913,0.2294408053229322,0.6530814103657951,0.7359352132806138,0.29867487651997754,0.3634318383201145,0.09855616785434393,0.9531121629505059,0.925025482138428,0.8981593019097176,0.8491236304406988,0.7572060907864855,0.4089892613265886
activity,image,..\..\data\human_activity\Human Action Recognition\test\Image_1081.jpg,,,,,,,,,,,,,,,,,,,,,,,,,,,,,,,,,,,,,,,,,,,,,,,0.5307262569832404,0.30666666666666664,0.5983270081110027,0.45110723098526684,0.8766831330641731,0.7553670394144589,0.4020730396535125,0.5195347910262748,0.42508139166914444,0.5647391422770281,0.6481949386658464,0.2617182826346739,0.5647391422770281,0.28617050017207757,0.13477213219312012,0.18344726526115135,0.6113993125288293,0.24569002472645532,0.009273706835038694,0.6606607479862504,0.796793754549689,0.6049354131453188,0.6301267072213921,0.8850148091868293,0.49212385455501045
activity,image,..\..\data\human_activity\Human Action Recognition\test\Image_1082.jpg,,,,,,,,,,,,,,,,,,,,,,,,,,,,,,,,,,,,,,,,,,,,,,,0.6927374301675978,0.17999999999999994,0.7040302618615333,0.43986886087685806,0.269028237867596,0.7330724771469304,0.0062918799197481026,0.6536209266177848,0.3832649141523905,0.0,0.0,0.014507929801976904,0.0,0.653541355971091,0.3171610224807004,0.3203986422399054,0.49012764479386683,0.29393600788630514,0.024653098148800522,0.9531121629505059,0.925025482138428,0.8981593019097176,0.8491236304406988,0.7572060907864855,0.4089892613265886
activity,image,..\..\data\human_activity\Human Action Recognition\test\Image_1083.jpg,,,,,,,,,,,,,,,,,,,,,,,,,,,,,,,,,,,,,,,,,,,,,,,0.5195530726256984,0.32000000000000006,0.6720211883297992,0.8699649778264773,0.8028240437190186,0.7330724771469304,0.40768000488068074,0.49065663843554697,0.3832649141523905,0.6105906225783848,0.6043179475899253,0.3465757436211535,0.6148478373504913,0.4953201789606516,0.7729464646210339,0.5753749215508467,0.431055655364744,0.4190291480343383,0.052158826489076465,0.9531121629505059,0.925025482138428,0.8981593019097176,0.8491236304406988,0.7572060907864855,0.4089892613265886
activity,image,..\..\data\human_activity\Human Action Recognition\test\Image_1084.jpg,,,,,,,,,,,,,,,,,,,,,,,,,,,,,,,,,,,,,,,,,,,,,,,0.37988826815642474,0.11333333333333329,0.6659334514139078,0.15096272574767802,0.8033112408949028,0.7330724771469304,0.616066039741707,0.8015563600664433,0.1293438105797058,0.7392263735147832,0.7660795866744141,0.3078715921892923,0.7392263735147832,0.45590699208443275,0.32517972018712626,0.11338603870581238,0.4953136203602436,0.148041043745842,0.007964560518705976,0.9755286845475926,0.8083623024748475,0.950741693286866,0.9328153605095162,0.7764194718515804,0.3543173039829685
activity,image,..\..\data\human_activity\Human Action Recognition\test\Image_1085.jpg,,,,,,,,,,,,,,,,,,,,,,,,,,,,,,,,,,,,,,,,,,,,,,,0.888268156424581,0.06000000000000005,0.46550133639703506,0.43986886087685806,0.8343233813531128,0.7330724771469304,0.4734688371057669,0.49065663843554697,0.3832649141523905,0.6105906225783848,0.6043179475899253,0.3465757436211535,0.6148478373504913,0.06166305781805667,0.7535003417469283,0.3115435298493155,0.0,0.0,1.0000000000000002,0.9531121629505059,0.925025482138428,0.8981593019097176,0.8491236304406988,0.7572060907864855,0.4089892613265886
activity,image,..\..\data\human_activity\Human Action Recognition\test\Image_1086.jpg,,,,,,,,,,,,,,,,,,,,,,,,,,,,,,,,,,,,,,,,,,,,,,,0.5027932960893856,0.32666666666666666,0.46550133639703506,0.43986886087685806,0.8343233813531128,0.7330724771469304,0.4734688371057669,0.49065663843554697,0.3832649141523905,0.6105906225783848,0.6043179475899253,0.3465757436211535,0.6148478373504913,0.30099348973270623,0.4347075126511636,0.671273920597221,0.4570121265494971,0.5077505764812325,0.05697226297946219,0.9531121629505059,0.925025482138428,0.8981593019097176,0.8491236304406988,0.7572060907864855,0.4089892613265886
activity,image,..\..\data\human_activity\Human Action Recognition\test\Image_1087.jpg,,,,,,,,,,,,,,,,,,,,,,,,,,,,,,,,,,,,,,,,,,,,,,,0.5251396648044694,0.31333333333333346,0.11826011864496044,0.3690659714796206,0.8343233813531128,0.6786468926606641,0.4601283018234702,0.30376952586706363,0.44305886377056686,0.6701338813032526,0.6622246969641017,0.3253973059007075,0.6701338813032526,0.38576967419983943,0.6846937005737432,0.16129655887692684,0.4362872084439214,0.16035351231592251,0.014496205723231306,0.9531121629505059,0.925025482138428,0.8981593019097176,0.8491236304406988,0.7572060907864855,0.4089892613265886
activity,image,..\..\data\human_activity\Human Action Recognition\test\Image_1088.jpg,,,,,,,,,,,,,,,,,,,,,,,,,,,,,,,,,,,,,,,,,,,,,,,0.5754189944134079,0.2666666666666666,0.9284178096949491,0.3420999320728496,0.8343233813531128,0.7330724771469304,0.4734688371057669,0.9615829546211698,0.35963761988848425,0.4714466812060836,0.42644193160092825,0.35068661187925765,0.4714466812060836,0.4762555351611793,0.3240295879175444,0.1423436988653256,0.4124640288506432,0.1399701691510828,0.014034649259451033,0.0,0.0,0.0,0.0,0.0,0.07975380083394412
activity,image,..\..\data\human_activity\Human Action Recognition\test\Image_108.jpg,,,,,,,,,,,,,,,,,,,,,,,,,,,,,,,,,,,,,,,,,,,,,,,0.5810055865921789,0.26,0.682166152951313,0.4346152826475518,0.14103612975036728,0.804417027335008,0.5490333621475674,0.5101309420202039,0.15002873814330997,0.6148478373504913,0.5767426115679111,0.34529158499286516,0.6148478373504913,0.0,0.1899109942737575,0.240866544993927,0.7541447438927151,0.3659757706154406,0.008836207182613975,0.9502561472278956,0.8777629649975421,0.8981593019097176,0.9814019769444955,0.7550445727350534,0.38074695611184856
activity,image,..\..\data\human_activity\Human Action Recognition\test\Image_10.jpg,,,,,,,,,,,,,,,,,,,,,,,,,,,,,,,,,,,,,,,,,,,,,,,0.5754189944134079,0.2666666666666666,0.46550133639703506,0.02846198840756868,0.8343233813531128,0.6424386527162109,0.6238252152733277,0.49065663843554697,0.3832649141523905,0.6105906225783848,0.6043179475899253,0.3465757436211535,0.6148478373504913,0.4161710737639096,0.5059733446720581,0.8044598023614282,0.5774269448082913,0.7505438620588896,0.05259285202358892,0.9531121629505059,0.925025482138428,0.8981593019097176,0.8491236304406988,0.7572060907864855,0.4089892613265886
activity,image,..\..\data\human_activity\Human Action Recognition\test\Image_1.jpg,,,,,,,,,,,,,,,,,,,,,,,,,,,,,,,,,,,,,,,,,,,,,,,0.5754189944134079,0.2666666666666666,0.5257424156885545,0.8030162794659601,0.427890075878985,0.7330724771469304,0.2870935137265484,0.49065663843554697,0.3832649141523905,0.6105906225783848,0.6043179475899253,0.3465757436211535,0.6148478373504913,0.19239841688654355,0.5312889593829346,0.8359338651466872,0.3247359741076246,0.4422715555111711,0.10215959737894642,0.9531121629505059,0.925025482138428,0.8981593019097176,0.8491236304406988,0.7572060907864855,0.4089892613265886
